ds,y
2010-01-01,750586.0
2010-01-02,837421.0
2010-01-03,910921.0
2010-01-04,933310.0
2010-01-05,915793.0
2010-01-06,900012.0
2010-01-07,875136.0
2010-01-08,885808.0
2010-01-09,861500.0
2010-01-10,870458.0
2010-01-11,916368.0
2010-01-12,890504.0
2010-01-13,889045.0
2010-01-14,854107.0
2010-01-15,816045.0
2010-01-16,729256.0
2010-01-17,743084.0
2010-01-18,765036.0
2010-01-19,795764.0
2010-01-20,811601.0
2010-01-21,829406.0
2010-01-22,816704.0
2010-01-23,764399.0
2010-01-24,751557.0
2010-01-25,742736.0
2010-01-26,785987.0
2010-01-27,830458.0
2010-01-28,842202.0
2010-01-29,933443.0
2010-01-30,918634.0
2010-01-31,865529.0
2010-02-01,893166.0
2010-02-02,885034.0
2010-02-03,848611.0
2010-02-04,840646.0
2010-02-05,849858.0
2010-02-06,828451.0
2010-02-07,828930.0
2010-02-08,886336.0
2010-02-09,875477.0
2010-02-10,857264.0
2010-02-11,842065.0
2010-02-12,852824.0
2010-02-13,826662.0
2010-02-14,795010.0
2010-02-15,846673.0
2010-02-16,863223.0
2010-02-17,871596.0
2010-02-18,841007.0
2010-02-19,812518.0
2010-02-20,753422.0
2010-02-21,731140.0
2010-02-22,808816.0
2010-02-23,826467.0
2010-02-24,801833.0
2010-02-25,836131.0
2010-02-26,865537.0
2010-02-27,772290.0
2010-02-28,741376.0
2010-03-01,793416.0
2010-03-02,796725.0
2010-03-03,812856.0
2010-03-04,794316.0
2010-03-05,781207.0
2010-03-06,719569.0
2010-03-07,679974.0
2010-03-08,735692.0
2010-03-09,723827.0
2010-03-10,727284.0
2010-03-11,715611.0
2010-03-12,733134.0
2010-03-13,702610.0
2010-03-14,634124.0
2010-03-15,746968.0
2010-03-16,723312.0
2010-03-17,711092.0
2010-03-18,700771.0
2010-03-19,683720.0
2010-03-20,616889.0
2010-03-21,594330.0
2010-03-22,680109.0
2010-03-23,693181.0
2010-03-24,697361.0
2010-03-25,696989.0
2010-03-26,705600.0
2010-03-27,687513.0
2010-03-28,673413.0
2010-03-29,708570.0
2010-03-30,744479.0
2010-03-31,714108.0
2010-04-01,681902.0
2010-04-02,634298.0
2010-04-03,596601.0
2010-04-04,571023.0
2010-04-05,670313.0
2010-04-06,720174.0
2010-04-07,767228.0
2010-04-08,764979.0
2010-04-09,670692.0
2010-04-10,612023.0
2010-04-11,597246.0
2010-04-12,665578.0
2010-04-13,682195.0
2010-04-14,686770.0
2010-04-15,682323.0
2010-04-16,674883.0
2010-04-17,608459.0
2010-04-18,607687.0
2010-04-19,676572.0
2010-04-20,676103.0
2010-04-21,675379.0
2010-04-22,676084.0
2010-04-23,660532.0
2010-04-24,601722.0
2010-04-25,602737.0
2010-04-26,680598.0
2010-04-27,676231.0
2010-04-28,696404.0
2010-04-29,684639.0
2010-04-30,681118.0
2010-05-01,676840.0
2010-05-02,747678.0
2010-05-03,829250.0
2010-05-04,777998.0
2010-05-05,743902.0
2010-05-06,755840.0
2010-05-07,692655.0
2010-05-08,629896.0
2010-05-09,581239.0
2010-05-10,671995.0
2010-05-11,690204.0
2010-05-12,698973.0
2010-05-13,680342.0
2010-05-14,719792.0
2010-05-15,649796.0
2010-05-16,606141.0
2010-05-17,679112.0
2010-05-18,684548.0
2010-05-19,683388.0
2010-05-20,719438.0
2010-05-21,764968.0
2010-05-22,674835.0
2010-05-23,648360.0
2010-05-24,735207.0
2010-05-25,795085.0
2010-05-26,883019.0
2010-05-27,900915.0
2010-05-28,743012.0
2010-05-29,700249.0
2010-05-30,744350.0
2010-05-31,826995.0
2010-06-01,912235.0
2010-06-02,924131.0
2010-06-03,961089.0
2010-06-04,956260.0
2010-06-05,908219.0
2010-06-06,859344.0
2010-06-07,747137.0
2010-06-08,729113.0
2010-06-09,711067.0
2010-06-10,782023.0
2010-06-11,779181.0
2010-06-12,783499.0
2010-06-13,854144.0
2010-06-14,897065.0
2010-06-15,855041.0
2010-06-16,825246.0
2010-06-17,856552.0
2010-06-18,830293.0
2010-06-19,832540.0
2010-06-20,912789.0
2010-06-21,989706.0
2010-06-22,979299.0
2010-06-23,1035399.0
2010-06-24,1071906.0
2010-06-25,972589.0
2010-06-26,905571.0
2010-06-27,965024.0
2010-06-28,1095421.0
2010-06-29,1016390.0
2010-06-30,820209.0
2010-07-01,770040.0
2010-07-02,758996.0
2010-07-03,760929.0
2010-07-04,844349.0
2010-07-05,979234.0
2010-07-06,1143990.0
2010-07-07,1169897.0
2010-07-08,1107303.0
2010-07-09,1046795.0
2010-07-10,861305.0
2010-07-11,873746.0
2010-07-12,948827.0
2010-07-13,957917.0
2010-07-14,932513.0
2010-07-15,999494.0
2010-07-16,1072659.0
2010-07-17,1003344.0
2010-07-18,999024.0
2010-07-19,1062865.0
2010-07-20,1027029.0
2010-07-21,1072405.0
2010-07-22,1039320.0
2010-07-23,1059517.0
2010-07-24,1122349.0
2010-07-25,1002093.0
2010-07-26,916830.0
2010-07-27,941216.0
2010-07-28,1011937.0
2010-07-29,1039875.0
2010-07-30,882770.0
2010-07-31,793327.0
2010-08-01,771495.0
2010-08-02,864211.0
2010-08-03,934676.0
2010-08-04,1053174.0
2010-08-05,1071661.0
2010-08-06,994151.0
2010-08-07,824171.0
2010-08-08,859856.0
2010-08-09,1036408.0
2010-08-10,1085039.0
2010-08-11,1094019.0
2010-08-12,967511.0
2010-08-13,853700.0
2010-08-14,766214.0
2010-08-15,746332.0
2010-08-16,970825.0
2010-08-17,1004677.0
2010-08-18,874894.0
2010-08-19,926603.0
2010-08-20,958287.0
2010-08-21,851506.0
2010-08-22,854383.0
2010-08-23,850053.0
2010-08-24,767670.0
2010-08-25,780692.0
2010-08-26,831044.0
2010-08-27,781485.0
2010-08-28,739278.0
2010-08-29,811749.0
2010-08-30,962067.0
2010-08-31,1011582.0
2010-09-01,1048806.0
2010-09-02,1064937.0
2010-09-03,957801.0
2010-09-04,755246.0
2010-09-05,641616.0
2010-09-06,679646.0
2010-09-07,879478.0
2010-09-08,929780.0
2010-09-09,749961.0
2010-09-10,712420.0
2010-09-11,660536.0
2010-09-12,638350.0
2010-09-13,741350.0
2010-09-14,744696.0
2010-09-15,730637.0
2010-09-16,747768.0
2010-09-17,753804.0
2010-09-18,644792.0
2010-09-19,665465.0
2010-09-20,735276.0
2010-09-21,712537.0
2010-09-22,814275.0
2010-09-23,853971.0
2010-09-24,895162.0
2010-09-25,838813.0
2010-09-26,664422.0
2010-09-27,758180.0
2010-09-28,810980.0
2010-09-29,742956.0
2010-09-30,806655.0
2010-10-01,725234.0
2010-10-02,609230.0
2010-10-03,594140.0
2010-10-04,680843.0
2010-10-05,693209.0
2010-10-06,686600.0
2010-10-07,687581.0
2010-10-08,676850.0
2010-10-09,615682.0
2010-10-10,594257.0
2010-10-11,694761.0
2010-10-12,711454.0
2010-10-13,678209.0
2010-10-14,690761.0
2010-10-15,676833.0
2010-10-16,614917.0
2010-10-17,604613.0
2010-10-18,675683.0
2010-10-19,685851.0
2010-10-20,693259.0
2010-10-21,691469.0
2010-10-22,687054.0
2010-10-23,633189.0
2010-10-24,597433.0
2010-10-25,684143.0
2010-10-26,703494.0
2010-10-27,734718.0
2010-10-28,705740.0
2010-10-29,666556.0
2010-10-30,628972.0
2010-10-31,610640.0
2010-11-01,708326.0
2010-11-02,732266.0
2010-11-03,732930.0
2010-11-04,723958.0
2010-11-05,707467.0
2010-11-06,665995.0
2010-11-07,646578.0
2010-11-08,742739.0
2010-11-09,719952.0
2010-11-10,707556.0
2010-11-11,714779.0
2010-11-12,721256.0
2010-11-13,657532.0
2010-11-14,640806.0
2010-11-15,701438.0
2010-11-16,714693.0
2010-11-17,696639.0
2010-11-18,720173.0
2010-11-19,727565.0
2010-11-20,676030.0
2010-11-21,659628.0
2010-11-22,708835.0
2010-11-23,705214.0
2010-11-24,721619.0
2010-11-25,665711.0
2010-11-26,665119.0
2010-11-27,704124.0
2010-11-28,697250.0
2010-11-29,771394.0
2010-11-30,747320.0
2010-12-01,737802.0
2010-12-02,802202.0
2010-12-03,803736.0
2010-12-04,768219.0
2010-12-05,772589.0
2010-12-06,865583.0
2010-12-07,878252.0
2010-12-08,885918.0
2010-12-09,897709.0
2010-12-10,859547.0
2010-12-11,793306.0
2010-12-12,730721.0
2010-12-13,847571.0
2010-12-14,964029.0
2010-12-15,952636.0
2010-12-16,953146.0
2010-12-17,917141.0
2010-12-18,845668.0
2010-12-19,833458.0
2010-12-20,906308.0
2010-12-21,888925.0
2010-12-22,867794.0
2010-12-23,860122.0
2010-12-24,798284.0
2010-12-25,766762.0
2010-12-26,824182.0
2010-12-27,898642.0
2010-12-28,866293.0
2010-12-29,830446.0
2010-12-30,836408.0
2010-12-31,762759.0
2011-01-01,696925.0
2011-01-02,680359.0
2011-01-03,833860.0
2011-01-04,853889.0
2011-01-05,843267.0
2011-01-06,867691.0
2011-01-07,860553.0
2011-01-08,844882.0
2011-01-09,841479.0
2011-01-10,904641.0
2011-01-11,907319.0
2011-01-12,898042.0
2011-01-13,909438.0
2011-01-14,904654.0
2011-01-15,825828.0
2011-01-16,772890.0
2011-01-17,881102.0
2011-01-18,879260.0
2011-01-19,823526.0
2011-01-20,832453.0
2011-01-21,869844.0
2011-01-22,904453.0
2011-01-23,897696.0
2011-01-24,971539.0
2011-01-25,884211.0
2011-01-26,874749.0
2011-01-27,839403.0
2011-01-28,858337.0
2011-01-29,810975.0
2011-01-30,785016.0
2011-01-31,878322.0
2011-02-01,886120.0
2011-02-02,841806.0
2011-02-03,869523.0
2011-02-04,877979.0
2011-02-05,798488.0
2011-02-06,732046.0
2011-02-07,804836.0
2011-02-08,836609.0
2011-02-09,917226.0
2011-02-10,890742.0
2011-02-11,887483.0
2011-02-12,803452.0
2011-02-13,754198.0
2011-02-14,759746.0
2011-02-15,813779.0
2011-02-16,807522.0
2011-02-17,735097.0
2011-02-18,692728.0
2011-02-19,690958.0
2011-02-20,726226.0
2011-02-21,788660.0
2011-02-22,851461.0
2011-02-23,845673.0
2011-02-24,825192.0
2011-02-25,773664.0
2011-02-26,733796.0
2011-02-27,678951.0
2011-02-28,737208.0
2011-03-01,763859.0
2011-03-02,774619.0
2011-03-03,828376.0
2011-03-04,794812.0
2011-03-05,678616.0
2011-03-06,653693.0
2011-03-07,764173.0
2011-03-08,773533.0
2011-03-09,791705.0
2011-03-10,769143.0
2011-03-11,732547.0
2011-03-12,679807.0
2011-03-13,631340.0
2011-03-14,749957.0
2011-03-15,760162.0
2011-03-16,735454.0
2011-03-17,701325.0
2011-03-18,674865.0
2011-03-19,609181.0
2011-03-20,639588.0
2011-03-21,728350.0
2011-03-22,707074.0
2011-03-23,760947.0
2011-03-24,775403.0
2011-03-25,775610.0
2011-03-26,719299.0
2011-03-27,700631.0
2011-03-28,780237.0
2011-03-29,764602.0
2011-03-30,758517.0
2011-03-31,771591.0
2011-04-01,761363.0
2011-04-02,681275.0
2011-04-03,644837.0
2011-04-04,696335.0
2011-04-05,695457.0
2011-04-06,725208.0
2011-04-07,708113.0
2011-04-08,726687.0
2011-04-09,649505.0
2011-04-10,611846.0
2011-04-11,688166.0
2011-04-12,682259.0
2011-04-13,699959.0
2011-04-14,680899.0
2011-04-15,663918.0
2011-04-16,655503.0
2011-04-17,604413.0
2011-04-18,671130.0
2011-04-19,682601.0
2011-04-20,688326.0
2011-04-21,657647.0
2011-04-22,661990.0
2011-04-23,631606.0
2011-04-24,591591.0
2011-04-25,709981.0
2011-04-26,752011.0
2011-04-27,763566.0
2011-04-28,749508.0
2011-04-29,667765.0
2011-04-30,595181.0
2011-05-01,585156.0
2011-05-02,671482.0
2011-05-03,715316.0
2011-05-04,679128.0
2011-05-05,668322.0
2011-05-06,663028.0
2011-05-07,597377.0
2011-05-08,581855.0
2011-05-09,668211.0
2011-05-10,674719.0
2011-05-11,680143.0
2011-05-12,690014.0
2011-05-13,668907.0
2011-05-14,608355.0
2011-05-15,615658.0
2011-05-16,698005.0
2011-05-17,692146.0
2011-05-18,699100.0
2011-05-19,699471.0
2011-05-20,678169.0
2011-05-21,638011.0
2011-05-22,620226.0
2011-05-23,725334.0
2011-05-24,786691.0
2011-05-25,817850.0
2011-05-26,872636.0
2011-05-27,866263.0
2011-05-28,778966.0
2011-05-29,782575.0
2011-05-30,883854.0
2011-05-31,1009049.0
2011-06-01,1035347.0
2011-06-02,857652.0
2011-06-03,728462.0
2011-06-04,650624.0
2011-06-05,656567.0
2011-06-06,798456.0
2011-06-07,883971.0
2011-06-08,1010675.0
2011-06-09,1104228.0
2011-06-10,986346.0
2011-06-11,822080.0
2011-06-12,750279.0
2011-06-13,770548.0
2011-06-14,733164.0
2011-06-15,757040.0
2011-06-16,772083.0
2011-06-17,807509.0
2011-06-18,790497.0
2011-06-19,776565.0
2011-06-20,830155.0
2011-06-21,876302.0
2011-06-22,947655.0
2011-06-23,936331.0
2011-06-24,880102.0
2011-06-25,784066.0
2011-06-26,741193.0
2011-06-27,847225.0
2011-06-28,920895.0
2011-06-29,916597.0
2011-06-30,849993.0
2011-07-01,831526.0
2011-07-02,809989.0
2011-07-03,808061.0
2011-07-04,833902.0
2011-07-05,945867.0
2011-07-06,985828.0
2011-07-07,1007475.0
2011-07-08,930935.0
2011-07-09,863308.0
2011-07-10,856920.0
2011-07-11,1039228.0
2011-07-12,1095683.0
2011-07-13,1001926.0
2011-07-14,870263.0
2011-07-15,869059.0
2011-07-16,836803.0
2011-07-17,874365.0
2011-07-18,1045372.0
2011-07-19,1089728.0
2011-07-20,1080217.0
2011-07-21,1175477.0
2011-07-22,1247699.0
2011-07-23,1151439.0
2011-07-24,1065999.0
2011-07-25,1004997.0
2011-07-26,1006004.0
2011-07-27,966672.0
2011-07-28,956545.0
2011-07-29,1043823.0
2011-07-30,979825.0
2011-07-31,933997.0
2011-08-01,1042832.0
2011-08-02,995105.0
2011-08-03,931447.0
2011-08-04,894869.0
2011-08-05,910936.0
2011-08-06,863714.0
2011-08-07,928002.0
2011-08-08,1036701.0
2011-08-09,960875.0
2011-08-10,936280.0
2011-08-11,877643.0
2011-08-12,835157.0
2011-08-13,779272.0
2011-08-14,758697.0
2011-08-15,832362.0
2011-08-16,835772.0
2011-08-17,886425.0
2011-08-18,905731.0
2011-08-19,883733.0
2011-08-20,812620.0
2011-08-21,814919.0
2011-08-22,827273.0
2011-08-23,774423.0
2011-08-24,810061.0
2011-08-25,867001.0
2011-08-26,903444.0
2011-08-27,812366.0
2011-08-28,622115.0
2011-08-29,696619.0
2011-08-30,751611.0
2011-08-31,793738.0
2011-09-01,808101.0
2011-09-02,785467.0
2011-09-03,762447.0
2011-09-04,810818.0
2011-09-05,811468.0
2011-09-06,743977.0
2011-09-07,776219.0
2011-09-08,795089.0
2011-09-09,838357.0
2011-09-10,795575.0
2011-09-11,724492.0
2011-09-12,816496.0
2011-09-13,845253.0
2011-09-14,885497.0
2011-09-15,788234.0
2011-09-16,664861.0
2011-09-17,608968.0
2011-09-18,595512.0
2011-09-19,678499.0
2011-09-20,707636.0
2011-09-21,733648.0
2011-09-22,800017.0
2011-09-23,792113.0
2011-09-24,720825.0
2011-09-25,725512.0
2011-09-26,827639.0
2011-09-27,826460.0
2011-09-28,820440.0
2011-09-29,789013.0
2011-09-30,715783.0
2011-10-01,621173.0
2011-10-02,608061.0
2011-10-03,683714.0
2011-10-04,684859.0
2011-10-05,684132.0
2011-10-06,673406.0
2011-10-07,671632.0
2011-10-08,613416.0
2011-10-09,615444.0
2011-10-10,700586.0
2011-10-11,705574.0
2011-10-12,697835.0
2011-10-13,705658.0
2011-10-14,701442.0
2011-10-15,604042.0
2011-10-16,591149.0
2011-10-17,669891.0
2011-10-18,675975.0
2011-10-19,696836.0
2011-10-20,684510.0
2011-10-21,667222.0
2011-10-22,615151.0
2011-10-23,603822.0
2011-10-24,678163.0
2011-10-25,675768.0
2011-10-26,683507.0
2011-10-27,691936.0
2011-10-28,699621.0
2011-10-29,688424.0
2011-10-30,646861.0
2011-10-31,723620.0
2011-11-01,705245.0
2011-11-02,717450.0
2011-11-03,707619.0
2011-11-04,695235.0
2011-11-05,664871.0
2011-11-06,635415.0
2011-11-07,711775.0
2011-11-08,693912.0
2011-11-09,694717.0
2011-11-10,697482.0
2011-11-11,718473.0
2011-11-12,670471.0
2011-11-13,638270.0
2011-11-14,686568.0
2011-11-15,686281.0
2011-11-16,694739.0
2011-11-17,726774.0
2011-11-18,754944.0
2011-11-19,695051.0
2011-11-20,634225.0
2011-11-21,693691.0
2011-11-22,725637.0
2011-11-23,713087.0
2011-11-24,638684.0
2011-11-25,641619.0
2011-11-26,635625.0
2011-11-27,626581.0
2011-11-28,670013.0
2011-11-29,694612.0
2011-11-30,727781.0
2011-12-01,753704.0
2011-12-02,757316.0
2011-12-03,707465.0
2011-12-04,685386.0
2011-12-05,731742.0
2011-12-06,721547.0
2011-12-07,730456.0
2011-12-08,780960.0
2011-12-09,783218.0
2011-12-10,727443.0
2011-12-11,757316.0
2011-12-12,836122.0
2011-12-13,824357.0
2011-12-14,790521.0
2011-12-15,751900.0
2011-12-16,741999.0
2011-12-17,744579.0
2011-12-18,769138.0
2011-12-19,825001.0
2011-12-20,772701.0
2011-12-21,761823.0
2011-12-22,716850.0
2011-12-23,710479.0
2011-12-24,708914.0
2011-12-25,687649.0
2011-12-26,697222.0
2011-12-27,770530.0
2011-12-28,766981.0
2011-12-29,818034.0
2011-12-30,753196.0
2011-12-31,667671.0
2012-01-01,646102.0
2012-01-02,731116.0
2012-01-03,869261.0
2012-01-04,937660.0
2012-01-05,853910.0
2012-01-06,789504.0
2012-01-07,686790.0
2012-01-08,687083.0
2012-01-09,808018.0
2012-01-10,790926.0
2012-01-11,801188.0
2012-01-12,753212.0
2012-01-13,797119.0
2012-01-14,800686.0
2012-01-15,809327.0
2012-01-16,875405.0
2012-01-17,800565.0
2012-01-18,793415.0
2012-01-19,861421.0
2012-01-20,836927.0
2012-01-21,829078.0
2012-01-22,818846.0
2012-01-23,832103.0
2012-01-24,757299.0
2012-01-25,775226.0
2012-01-26,787632.0
2012-01-27,741969.0
2012-01-28,702479.0
2012-01-29,713147.0
2012-01-30,794801.0
2012-01-31,758862.0
2012-02-01,707431.0
2012-02-02,737731.0
2012-02-03,760358.0
2012-02-04,733060.0
2012-02-05,713052.0
2012-02-06,782281.0
2012-02-07,758885.0
2012-02-08,805116.0
2012-02-09,796066.0
2012-02-10,786552.0
2012-02-11,758137.0
2012-02-12,826666.0
2012-02-13,834836.0
2012-02-14,778184.0
2012-02-15,762266.0
2012-02-16,792612.0
2012-02-17,734631.0
2012-02-18,695978.0
2012-02-19,690849.0
2012-02-20,757636.0
2012-02-21,791008.0
2012-02-22,729851.0
2012-02-23,701702.0
2012-02-24,730025.0
2012-02-25,718711.0
2012-02-26,705051.0
2012-02-27,749896.0
2012-02-28,726813.0
2012-02-29,769607.0
2012-03-01,729015.0
2012-03-02,742688.0
2012-03-03,659704.0
2012-03-04,674586.0
2012-03-05,781613.0
2012-03-06,786326.0
2012-03-07,731429.0
2012-03-08,683067.0
2012-03-09,690221.0
2012-03-10,694660.0
2012-03-11,633624.0
2012-03-12,694827.0
2012-03-13,675013.0
2012-03-14,665693.0
2012-03-15,668898.0
2012-03-16,667670.0
2012-03-17,603031.0
2012-03-18,583527.0
2012-03-19,665065.0
2012-03-20,672109.0
2012-03-21,672412.0
2012-03-22,676500.0
2012-03-23,672855.0
2012-03-24,597602.0
2012-03-25,588042.0
2012-03-26,662220.0
2012-03-27,714998.0
2012-03-28,691040.0
2012-03-29,661351.0
2012-03-30,674192.0
2012-03-31,638563.0
2012-04-01,615725.0
2012-04-02,672644.0
2012-04-03,678884.0
2012-04-04,664517.0
2012-04-05,652475.0
2012-04-06,636341.0
2012-04-07,602265.0
2012-04-08,570487.0
2012-04-09,642616.0
2012-04-10,661115.0
2012-04-11,684569.0
2012-04-12,683508.0
2012-04-13,664552.0
2012-04-14,599982.0
2012-04-15,594034.0
2012-04-16,735609.0
2012-04-17,716545.0
2012-04-18,657047.0
2012-04-19,662208.0
2012-04-20,655692.0
2012-04-21,613035.0
2012-04-22,595348.0
2012-04-23,690045.0
2012-04-24,688884.0
2012-04-25,676276.0
2012-04-26,679985.0
2012-04-27,657298.0
2012-04-28,625429.0
2012-04-29,593383.0
2012-04-30,664461.0
2012-05-01,682755.0
2012-05-02,677348.0
2012-05-03,681808.0
2012-05-04,697663.0
2012-05-05,636365.0
2012-05-06,589580.0
2012-05-07,659680.0
2012-05-08,675417.0
2012-05-09,690332.0
2012-05-10,656187.0
2012-05-11,647641.0
2012-05-12,601908.0
2012-05-13,609762.0
2012-05-14,696562.0
2012-05-15,719709.0
2012-05-16,750089.0
2012-05-17,699495.0
2012-05-18,672493.0
2012-05-19,623191.0
2012-05-20,625664.0
2012-05-21,705680.0
2012-05-22,719775.0
2012-05-23,757649.0
2012-05-24,768827.0
2012-05-25,789979.0
2012-05-26,769128.0
2012-05-27,759914.0
2012-05-28,839562.0
2012-05-29,986757.0
2012-05-30,851775.0
2012-05-31,812737.0
2012-06-01,746329.0
2012-06-02,653600.0
2012-06-03,621161.0
2012-06-04,686469.0
2012-06-05,671832.0
2012-06-06,687746.0
2012-06-07,716310.0
2012-06-08,742912.0
2012-06-09,724954.0
2012-06-10,798178.0
2012-06-11,869194.0
2012-06-12,794662.0
2012-06-13,771593.0
2012-06-14,770219.0
2012-06-15,761149.0
2012-06-16,688268.0
2012-06-17,642779.0
2012-06-18,706977.0
2012-06-19,802936.0
2012-06-20,1010066.0
2012-06-21,1100403.0
2012-06-22,1038001.0
2012-06-23,837363.0
2012-06-24,796164.0
2012-06-25,847079.0
2012-06-26,732055.0
2012-06-27,774778.0
2012-06-28,901296.0
2012-06-29,1042662.0
2012-06-30,898303.0
2012-07-01,920973.0
2012-07-02,960631.0
2012-07-03,958354.0
2012-07-04,952687.0
2012-07-05,1090894.0
2012-07-06,1047089.0
2012-07-07,1058744.0
2012-07-08,990369.0
2012-07-09,961741.0
2012-07-10,934742.0
2012-07-11,940931.0
2012-07-12,942745.0
2012-07-13,930268.0
2012-07-14,836237.0
2012-07-15,903712.0
2012-07-16,1021437.0
2012-07-17,1084674.0
2012-07-18,1121169.0
2012-07-19,969866.0
2012-07-20,815526.0
2012-07-21,698330.0
2012-07-22,749904.0
2012-07-23,951450.0
2012-07-24,1033365.0
2012-07-25,917726.0
2012-07-26,974276.0
2012-07-27,1008530.0
2012-07-28,918678.0
2012-07-29,821879.0
2012-07-30,919289.0
2012-07-31,912827.0
2012-08-01,898316.0
2012-08-02,969409.0
2012-08-03,1018217.0
2012-08-04,966930.0
2012-08-05,968701.0
2012-08-06,990962.0
2012-08-07,926456.0
2012-08-08,972617.0
2012-08-09,1006386.0
2012-08-10,935963.0
2012-08-11,879589.0
2012-08-12,826708.0
2012-08-13,894069.0
2012-08-14,889044.0
2012-08-15,907897.0
2012-08-16,889212.0
2012-08-17,905278.0
2012-08-18,775997.0
2012-08-19,672635.0
2012-08-20,781933.0
2012-08-21,812306.0
2012-08-22,841183.0
2012-08-23,868338.0
2012-08-24,876231.0
2012-08-25,785911.0
2012-08-26,773968.0
2012-08-27,906265.0
2012-08-28,946465.0
2012-08-29,846908.0
2012-08-30,835445.0
2012-08-31,902743.0
2012-09-01,872439.0
2012-09-02,788646.0
2012-09-03,790135.0
2012-09-04,900358.0
2012-09-05,953404.0
2012-09-06,869327.0
2012-09-07,925726.0
2012-09-08,835025.0
2012-09-09,685589.0
2012-09-10,709432.0
2012-09-11,693300.0
2012-09-12,719592.0
2012-09-13,743491.0
2012-09-14,748426.0
2012-09-15,650732.0
2012-09-16,609065.0
2012-09-17,695435.0
2012-09-18,772753.0
2012-09-19,702739.0
2012-09-20,680060.0
2012-09-21,696474.0
2012-09-22,671015.0
2012-09-23,601536.0
2012-09-24,652802.0
2012-09-25,667832.0
2012-09-26,712337.0
2012-09-27,740022.0
2012-09-28,733985.0
2012-09-29,609931.0
2012-09-30,584561.0
2012-10-01,658165.0
2012-10-02,697538.0
2012-10-03,749014.0
2012-10-04,761473.0
2012-10-05,718550.0
2012-10-06,632473.0
2012-10-07,589151.0
2012-10-08,668940.0
2012-10-09,680132.0
2012-10-10,672098.0
2012-10-11,665171.0
2012-10-12,670522.0
2012-10-13,627038.0
2012-10-14,598018.0
2012-10-15,674229.0
2012-10-16,660455.0
2012-10-17,675750.0
2012-10-18,674104.0
2012-10-19,680881.0
2012-10-20,594838.0
2012-10-21,581729.0
2012-10-22,661827.0
2012-10-23,672851.0
2012-10-24,674682.0
2012-10-25,673342.0
2012-10-26,665644.0
2012-10-27,601189.0
2012-10-28,602158.0
2012-10-29,602962.0
2012-10-30,474457.0
2012-10-31,566452.0
2012-11-01,610851.0
2012-11-02,630160.0
2012-11-03,617956.0
2012-11-04,601550.0
2012-11-05,707176.0
2012-11-06,739647.0
2012-11-07,767327.0
2012-11-08,743152.0
2012-11-09,720243.0
2012-11-10,660066.0
2012-11-11,617500.0
2012-11-12,673650.0
2012-11-13,705329.0
2012-11-14,746348.0
2012-11-15,757388.0
2012-11-16,743189.0
2012-11-17,688431.0
2012-11-18,672761.0
2012-11-19,734157.0
2012-11-20,731412.0
2012-11-21,725485.0
2012-11-22,645382.0
2012-11-23,657810.0
2012-11-24,687685.0
2012-11-25,716081.0
2012-11-26,763348.0
2012-11-27,794350.0
2012-11-28,791281.0
2012-11-29,801562.0
2012-11-30,786067.0
2012-12-01,717186.0
2012-12-02,685880.0
2012-12-03,704376.0
2012-12-04,697723.0
2012-12-05,710180.0
2012-12-06,785869.0
2012-12-07,789936.0
2012-12-08,681945.0
2012-12-09,677848.0
2012-12-10,730505.0
2012-12-11,736159.0
2012-12-12,786085.0
2012-12-13,795696.0
2012-12-14,794935.0
2012-12-15,726717.0
2012-12-16,691317.0
2012-12-17,750771.0
2012-12-18,736845.0
2012-12-19,769114.0
2012-12-20,793092.0
2012-12-21,775538.0
2012-12-22,761261.0
2012-12-23,729931.0
2012-12-24,761421.0
2012-12-25,692875.0
2012-12-26,814644.0
2012-12-27,811042.0
2012-12-28,797212.0
2012-12-29,785034.0
2012-12-30,762766.0
2012-12-31,798210.0
2013-01-01,730587.0
2013-01-02,830969.0
2013-01-03,860384.0
2013-01-04,836589.0
2013-01-05,762490.0
2013-01-06,717233.0
2013-01-07,775191.0
2013-01-08,801814.0
2013-01-09,798156.0
2013-01-10,759603.0
2013-01-11,772840.0
2013-01-12,680578.0
2013-01-13,664968.0
2013-01-14,715764.0
2013-01-15,776644.0
2013-01-16,813496.0
2013-01-17,789741.0
2013-01-18,812816.0
2013-01-19,744443.0
2013-01-20,688939.0
2013-01-21,821338.0
2013-01-22,931795.0
2013-01-23,977596.0
2013-01-24,960253.0
2013-01-25,973238.0
2013-01-26,872879.0
2013-01-27,831735.0
2013-01-28,874443.0
2013-01-29,773572.0
2013-01-30,732805.0
2013-01-31,746314.0
2013-02-01,869349.0
2013-02-02,861260.0
2013-02-03,809553.0
2013-02-04,878528.0
2013-02-05,857497.0
2013-02-06,835124.0
2013-02-07,862262.0
2013-02-08,837517.0
2013-02-09,799097.0
2013-02-10,782197.0
2013-02-11,801620.0
2013-02-12,764786.0
2013-02-13,803505.0
2013-02-14,781484.0
2013-02-15,754249.0
2013-02-16,738691.0
2013-02-17,794624.0
2013-02-18,862803.0
2013-02-19,828749.0
2013-02-20,853171.0
2013-02-21,873851.0
2013-02-22,853596.0
2013-02-23,751231.0
2013-02-24,703051.0
2013-02-25,790717.0
2013-02-26,819301.0
2013-02-27,766874.0
2013-02-28,758430.0
2013-03-01,773538.0
2013-03-02,742800.0
2013-03-03,753502.0
2013-03-04,819587.0
2013-03-05,787081.0
2013-03-06,820828.0
2013-03-07,789629.0
2013-03-08,794701.0
2013-03-09,687366.0
2013-03-10,629573.0
2013-03-11,712814.0
2013-03-12,711804.0
2013-03-13,735728.0
2013-03-14,789567.0
2013-03-15,770599.0
2013-03-16,706583.0
2013-03-17,715314.0
2013-03-18,819202.0
2013-03-19,768495.0
2013-03-20,760844.0
2013-03-21,794432.0
2013-03-22,800664.0
2013-03-23,711466.0
2013-03-24,698880.0
2013-03-25,793190.0
2013-03-26,758962.0
2013-03-27,741489.0
2013-03-28,746041.0
2013-03-29,686883.0
2013-03-30,638066.0
2013-03-31,629584.0
2013-04-01,683730.0
2013-04-02,741014.0
2013-04-03,756447.0
2013-04-04,753194.0
2013-04-05,696097.0
2013-04-06,637192.0
2013-04-07,614333.0
2013-04-08,659673.0
2013-04-09,677930.0
2013-04-10,715572.0
2013-04-11,697270.0
2013-04-12,677884.0
2013-04-13,601079.0
2013-04-14,580892.0
2013-04-15,655386.0
2013-04-16,663335.0
2013-04-17,662126.0
2013-04-18,661685.0
2013-04-19,671782.0
2013-04-20,584827.0
2013-04-21,591046.0
2013-04-22,674111.0
2013-04-23,683226.0
2013-04-24,671746.0
2013-04-25,646737.0
2013-04-26,642004.0
2013-04-27,583089.0
2013-04-28,565576.0
2013-04-29,657614.0
2013-04-30,652441.0
2013-05-01,647375.0
2013-05-02,649159.0
2013-05-03,631575.0
2013-05-04,574753.0
2013-05-05,560036.0
2013-05-06,645243.0
2013-05-07,657973.0
2013-05-08,663416.0
2013-05-09,661260.0
2013-05-10,682161.0
2013-05-11,627515.0
2013-05-12,566614.0
2013-05-13,641276.0
2013-05-14,658723.0
2013-05-15,666467.0
2013-05-16,706452.0
2013-05-17,683062.0
2013-05-18,599174.0
2013-05-19,590210.0
2013-05-20,711577.0
2013-05-21,798699.0
2013-05-22,848073.0
2013-05-23,808306.0
2013-05-24,674572.0
2013-05-25,579918.0
2013-05-26,553778.0
2013-05-27,572973.0
2013-05-28,669958.0
2013-05-29,784069.0
2013-05-30,913150.0
2013-05-31,945622.0
2013-06-01,890579.0
2013-06-02,855489.0
2013-06-03,834061.0
2013-06-04,725940.0
2013-06-05,716208.0
2013-06-06,709488.0
2013-06-07,710162.0
2013-06-08,662408.0
2013-06-09,690772.0
2013-06-10,776445.0
2013-06-11,813980.0
2013-06-12,825815.0
2013-06-13,793814.0
2013-06-14,703588.0
2013-06-15,679101.0
2013-06-16,687085.0
2013-06-17,857272.0
2013-06-18,805213.0
2013-06-19,750123.0
2013-06-20,764260.0
2013-06-21,775087.0
2013-06-22,762452.0
2013-06-23,804565.0
2013-06-24,969631.0
2013-06-25,976632.0
2013-06-26,961707.0
2013-06-27,949167.0
2013-06-28,915122.0
2013-06-29,832138.0
2013-06-30,823495.0
2013-07-01,879323.0
2013-07-02,906218.0
2013-07-03,920825.0
2013-07-04,903495.0
2013-07-05,989122.0
2013-07-06,992296.0
2013-07-07,982787.0
2013-07-08,974476.0
2013-07-09,964947.0
2013-07-10,994582.0
2013-07-11,958543.0
2013-07-12,831808.0
2013-07-13,819338.0
2013-07-14,918256.0
2013-07-15,1077740.0
2013-07-16,1105885.0
2013-07-17,1113913.0
2013-07-18,1160801.0
2013-07-19,1182504.0
2013-07-20,1045683.0
2013-07-21,934751.0
2013-07-22,989882.0
2013-07-23,992856.0
2013-07-24,917655.0
2013-07-25,758001.0
2013-07-26,799283.0
2013-07-27,783221.0
2013-07-28,771843.0
2013-07-29,847503.0
2013-07-30,813359.0
2013-07-31,823058.0
2013-08-01,810102.0
2013-08-02,843839.0
2013-08-03,733004.0
2013-08-04,699779.0
2013-08-05,749507.0
2013-08-06,755723.0
2013-08-07,795789.0
2013-08-08,885488.0
2013-08-09,941003.0
2013-08-10,821790.0
2013-08-11,764160.0
2013-08-12,889020.0
2013-08-13,878332.0
2013-08-14,747884.0
2013-08-15,720115.0
2013-08-16,727779.0
2013-08-17,683314.0
2013-08-18,657879.0
2013-08-19,748694.0
2013-08-20,854072.0
2013-08-21,912579.0
2013-08-22,911326.0
2013-08-23,815731.0
2013-08-24,703399.0
2013-08-25,685477.0
2013-08-26,815018.0
2013-08-27,931445.0
2013-08-28,881709.0
2013-08-29,868427.0
2013-08-30,875026.0
2013-08-31,857349.0
2013-09-01,860667.0
2013-09-02,858501.0
2013-09-03,877776.0
2013-09-04,795484.0
2013-09-05,776711.0
2013-09-06,694243.0
2013-09-07,640415.0
2013-09-08,699855.0
2013-09-09,721916.0
2013-09-10,891436.0
2013-09-11,1017473.0
2013-09-12,949617.0
2013-09-13,773145.0
2013-09-14,602855.0
2013-09-15,588065.0
2013-09-16,680702.0
2013-09-17,653553.0
2013-09-18,659070.0
2013-09-19,677089.0
2013-09-20,692192.0
2013-09-21,639984.0
2013-09-22,606073.0
2013-09-23,646065.0
2013-09-24,656080.0
2013-09-25,661428.0
2013-09-26,668270.0
2013-09-27,660188.0
2013-09-28,596758.0
2013-09-29,582245.0
2013-09-30,661265.0
2013-10-01,693880.0
2013-10-02,733423.0
2013-10-03,739200.0
2013-10-04,770403.0
2013-10-05,730353.0
2013-10-06,709308.0
2013-10-07,743627.0
2013-10-08,654383.0
2013-10-09,653047.0
2013-10-10,665910.0
2013-10-11,666121.0
2013-10-12,596833.0
2013-10-13,576486.0
2013-10-14,643103.0
2013-10-15,656129.0
2013-10-16,664818.0
2013-10-17,684458.0
2013-10-18,647445.0
2013-10-19,592999.0
2013-10-20,574342.0
2013-10-21,657000.0
2013-10-22,659041.0
2013-10-23,677072.0
2013-10-24,696924.0
2013-10-25,700100.0
2013-10-26,644638.0
2013-10-27,610058.0
2013-10-28,690537.0
2013-10-29,685403.0
2013-10-30,689005.0
2013-10-31,676431.0
2013-11-01,664234.0
2013-11-02,593230.0
2013-11-03,586588.0
2013-11-04,729995.0
2013-11-05,718715.0
2013-11-06,683615.0
2013-11-07,681880.0
2013-11-08,710683.0
2013-11-09,670124.0
2013-11-10,638554.0
2013-11-11,703895.0
2013-11-12,756437.0
2013-11-13,794200.0
2013-11-14,767027.0
2013-11-15,734578.0
2013-11-16,645951.0
2013-11-17,615803.0
2013-11-18,666086.0
2013-11-19,719048.0
2013-11-20,764183.0
2013-11-21,767763.0
2013-11-22,708741.0
2013-11-23,676959.0
2013-11-24,790895.0
2013-11-25,858551.0
2013-11-26,827173.0
2013-11-27,785212.0
2013-11-28,740485.0
2013-11-29,751498.0
2013-11-30,765059.0
2013-12-01,723949.0
2013-12-02,758987.0
2013-12-03,750921.0
2013-12-04,755400.0
2013-12-05,720846.0
2013-12-06,721176.0
2013-12-07,731630.0
2013-12-08,807308.0
2013-12-09,845354.0
2013-12-10,859646.0
2013-12-11,877208.0
2013-12-12,902292.0
2013-12-13,883050.0
2013-12-14,831413.0
2013-12-15,781673.0
2013-12-16,873206.0
2013-12-17,895550.0
2013-12-18,876816.0
2013-12-19,847231.0
2013-12-20,770416.0
2013-12-21,673237.0
2013-12-22,641563.0
2013-12-23,694881.0
2013-12-24,748326.0
2013-12-25,774573.0
2013-12-26,825387.0
2013-12-27,808331.0
2013-12-28,728515.0
2013-12-29,708318.0
2013-12-30,777838.0
2013-12-31,817715.0
2014-01-01,776662.0
2014-01-02,858679.0
2014-01-03,943319.0
2014-01-04,911584.0
2014-01-05,830284.0
2014-01-06,827330.0
2014-01-07,1071667.0
2014-01-08,1017083.0
2014-01-09,905188.0
2014-01-10,869681.0
2014-01-11,734390.0
2014-01-12,705747.0
2014-01-13,786375.0
2014-01-14,761470.0
2014-01-15,783664.0
2014-01-16,810333.0
2014-01-17,811129.0
2014-01-18,785071.0
2014-01-19,792709.0
2014-01-20,800180.0
2014-01-21,903780.0
2014-01-22,1018126.0
2014-01-23,1006667.0
2014-01-24,1007503.0
2014-01-25,927886.0
2014-01-26,882979.0
2014-01-27,888860.0
2014-01-28,1004290.0
2014-01-29,1006746.0
2014-01-30,982313.0
2014-01-31,884589.0
2014-02-01,767315.0
2014-02-02,722491.0
2014-02-03,820689.0
2014-02-04,869377.0
2014-02-05,838563.0
2014-02-06,859374.0
2014-02-07,853329.0
2014-02-08,835499.0
2014-02-09,839866.0
2014-02-10,900606.0
2014-02-11,935624.0
2014-02-12,959834.0
2014-02-13,884757.0
2014-02-14,818868.0
2014-02-15,804859.0
2014-02-16,818933.0
2014-02-17,876152.0
2014-02-18,847012.0
2014-02-19,817050.0
2014-02-20,780365.0
2014-02-21,767926.0
2014-02-22,704563.0
2014-02-23,672105.0
2014-02-24,782300.0
2014-02-25,864776.0
2014-02-26,881524.0
2014-02-27,915402.0
2014-02-28,947214.0
2014-03-01,838236.0
2014-03-02,765345.0
2014-03-03,916604.0
2014-03-04,942750.0
2014-03-05,865249.0
2014-03-06,882216.0
2014-03-07,842829.0
2014-03-08,715544.0
2014-03-09,650927.0
2014-03-10,752508.0
2014-03-11,714141.0
2014-03-12,715551.0
2014-03-13,862825.0
2014-03-14,827393.0
2014-03-15,666246.0
2014-03-16,699023.0
2014-03-17,848184.0
2014-03-18,808008.0
2014-03-19,795227.0
2014-03-20,735174.0
2014-03-21,727504.0
2014-03-22,659376.0
2014-03-23,675128.0
2014-03-24,813966.0
2014-03-25,843537.0
2014-03-26,838362.0
2014-03-27,820027.0
2014-03-28,741739.0
2014-03-29,661032.0
2014-03-30,684968.0
2014-03-31,734105.0
2014-04-01,703857.0
2014-04-02,701451.0
2014-04-03,673780.0
2014-04-04,700918.0
2014-04-05,637970.0
2014-04-06,629386.0
2014-04-07,725415.0
2014-04-08,683307.0
2014-04-09,675576.0
2014-04-10,671448.0
2014-04-11,652562.0
2014-04-12,585268.0
2014-04-13,577401.0
2014-04-14,662476.0
2014-04-15,677220.0
2014-04-16,712966.0
2014-04-17,703327.0
2014-04-18,660957.0
2014-04-19,596481.0
2014-04-20,560692.0
2014-04-21,647601.0
2014-04-22,649825.0
2014-04-23,655274.0
2014-04-24,665608.0
2014-04-25,652576.0
2014-04-26,585162.0
2014-04-27,564407.0
2014-04-28,639789.0
2014-04-29,683522.0
2014-04-30,720034.0
2014-05-01,675817.0
2014-05-02,641105.0
2014-05-03,585237.0
2014-05-04,572552.0
2014-05-05,634547.0
2014-05-06,646375.0
2014-05-07,645792.0
2014-05-08,662782.0
2014-05-09,660193.0
2014-05-10,619913.0
2014-05-11,598799.0
2014-05-12,719716.0
2014-05-13,736901.0
2014-05-14,672175.0
2014-05-15,712162.0
2014-05-16,691107.0
2014-05-17,582125.0
2014-05-18,561661.0
2014-05-19,642986.0
2014-05-20,663006.0
2014-05-21,678976.0
2014-05-22,707181.0
2014-05-23,668072.0
2014-05-24,591003.0
2014-05-25,588914.0
2014-05-26,654379.0
2014-05-27,790082.0
2014-05-28,739151.0
2014-05-29,654003.0
2014-05-30,658778.0
2014-05-31,607678.0
2014-06-01,597548.0
2014-06-02,708646.0
2014-06-03,800588.0
2014-06-04,812241.0
2014-06-05,743583.0
2014-06-06,705165.0
2014-06-07,674391.0
2014-06-08,695851.0
2014-06-09,783793.0
2014-06-10,824590.0
2014-06-11,776381.0
2014-06-12,740712.0
2014-06-13,795347.0
2014-06-14,670371.0
2014-06-15,638825.0
2014-06-16,813912.0
2014-06-17,954226.0
2014-06-18,1027065.0
2014-06-19,874824.0
2014-06-20,776371.0
2014-06-21,685381.0
2014-06-22,686439.0
2014-06-23,798331.0
2014-06-24,840611.0
2014-06-25,928987.0
2014-06-26,917771.0
2014-06-27,867300.0
2014-06-28,778378.0
2014-06-29,766047.0
2014-06-30,885831.0
2014-07-01,989502.0
2014-07-02,1048807.0
2014-07-03,972192.0
2014-07-04,712449.0
2014-07-05,662271.0
2014-07-06,714012.0
2014-07-07,941292.0
2014-07-08,1007270.0
2014-07-09,930104.0
2014-07-10,890813.0
2014-07-11,876291.0
2014-07-12,840407.0
2014-07-13,862630.0
2014-07-14,942112.0
2014-07-15,921175.0
2014-07-16,847603.0
2014-07-17,801930.0
2014-07-18,783020.0
2014-07-19,721934.0
2014-07-20,725619.0
2014-07-21,842535.0
2014-07-22,911655.0
2014-07-23,985117.0
2014-07-24,860464.0
2014-07-25,793297.0
2014-07-26,752384.0
2014-07-27,828596.0
2014-07-28,864165.0
2014-07-29,744585.0
2014-07-30,741350.0
2014-07-31,798622.0
2014-08-01,815377.0
2014-08-02,717702.0
2014-08-03,705200.0
2014-08-04,840381.0
2014-08-05,888468.0
2014-08-06,839509.0
2014-08-07,810219.0
2014-08-08,772371.0
2014-08-09,740920.0
2014-08-10,757521.0
2014-08-11,829670.0
2014-08-12,809669.0
2014-08-13,827569.0
2014-08-14,755502.0
2014-08-15,707615.0
2014-08-16,666347.0
2014-08-17,696793.0
2014-08-18,784826.0
2014-08-19,826110.0
2014-08-20,852098.0
2014-08-21,862315.0
2014-08-22,812588.0
2014-08-23,690934.0
2014-08-24,684021.0
2014-08-25,793419.0
2014-08-26,851118.0
2014-08-27,899952.0
2014-08-28,850049.0
2014-08-29,736874.0
2014-08-30,689840.0
2014-08-31,803517.0
2014-09-01,872320.0
2014-09-02,995310.0
2014-09-03,905425.0
2014-09-04,888205.0
2014-09-05,936029.0
2014-09-06,910700.0
2014-09-07,725650.0
2014-09-08,734917.0
2014-09-09,733141.0
2014-09-10,765480.0
2014-09-11,832009.0
2014-09-12,741429.0
2014-09-13,628779.0
2014-09-14,578996.0
2014-09-15,656939.0
2014-09-16,680593.0
2014-09-17,670492.0
2014-09-18,675380.0
2014-09-19,656270.0
2014-09-20,624702.0
2014-09-21,653513.0
2014-09-22,682362.0
2014-09-23,651523.0
2014-09-24,656879.0
2014-09-25,663659.0
2014-09-26,658282.0
2014-09-27,621969.0
2014-09-28,631834.0
2014-09-29,703810.0
2014-09-30,710576.0
2014-10-01,691759.0
2014-10-02,678538.0
2014-10-03,663303.0
2014-10-04,603918.0
2014-10-05,565825.0
2014-10-06,648361.0
2014-10-07,658382.0
2014-10-08,665956.0
2014-10-09,650616.0
2014-10-10,645671.0
2014-10-11,599427.0
2014-10-12,574581.0
2014-10-13,653870.0
2014-10-14,693825.0
2014-10-15,725841.0
2014-10-16,687312.0
2014-10-17,655287.0
2014-10-18,588114.0
2014-10-19,575753.0
2014-10-20,666419.0
2014-10-21,661223.0
2014-10-22,671674.0
2014-10-23,675262.0
2014-10-24,650401.0
2014-10-25,591000.0
2014-10-26,574310.0
2014-10-27,653364.0
2014-10-28,661564.0
2014-10-29,659322.0
2014-10-30,660881.0
2014-10-31,671702.0
2014-11-01,639965.0
2014-11-02,669556.0
2014-11-03,700830.0
2014-11-04,670717.0
2014-11-05,665127.0
2014-11-06,682555.0
2014-11-07,683092.0
2014-11-08,659263.0
2014-11-09,622519.0
2014-11-10,691573.0
2014-11-11,681068.0
2014-11-12,667893.0
2014-11-13,725814.0
2014-11-14,750648.0
2014-11-15,715690.0
2014-11-16,709888.0
2014-11-17,751510.0
2014-11-18,826523.0
2014-11-19,865295.0
2014-11-20,804675.0
2014-11-21,827522.0
2014-11-22,772575.0
2014-11-23,677501.0
2014-11-24,686555.0
2014-11-25,684746.0
2014-11-26,769184.0
2014-11-27,702022.0
2014-11-28,745308.0
2014-11-29,755991.0
2014-11-30,680598.0
2014-12-01,699849.0
2014-12-02,790391.0
2014-12-03,778736.0
2014-12-04,785811.0
2014-12-05,791974.0
2014-12-06,715542.0
2014-12-07,716497.0
2014-12-08,851251.0
2014-12-09,828299.0
2014-12-10,806265.0
2014-12-11,841627.0
2014-12-12,818443.0
2014-12-13,758854.0
2014-12-14,730313.0
2014-12-15,762351.0
2014-12-16,788005.0
2014-12-17,757252.0
2014-12-18,812660.0
2014-12-19,814852.0
2014-12-20,792206.0
2014-12-21,767620.0
2014-12-22,833131.0
2014-12-23,764834.0
2014-12-24,697957.0
2014-12-25,618771.0
2014-12-26,693928.0
2014-12-27,677121.0
2014-12-28,655828.0
2014-12-29,738076.0
2014-12-30,793600.0
2014-12-31,821636.0
2015-01-01,762374.0
2015-01-02,771388.0
2015-01-03,768345.0
2015-01-04,685015.0
2015-01-05,796227.0
2015-01-06,920612.0
2015-01-07,964365.0
2015-01-08,1018689.0
2015-01-09,924592.0
2015-01-10,904886.0
2015-01-11,859445.0
2015-01-12,853183.0
2015-01-13,868516.0
2015-01-14,924860.0
2015-01-15,866032.0
2015-01-16,847965.0
2015-01-17,825049.0
2015-01-18,785140.0
2015-01-19,802246.0
2015-01-20,819614.0
2015-01-21,865809.0
2015-01-22,837270.0
2015-01-23,824230.0
2015-01-24,778990.0
2015-01-25,734307.0
2015-01-26,864144.0
2015-01-27,872251.0
2015-01-28,905153.0
2015-01-29,908468.0
2015-01-30,851579.0
2015-01-31,888076.0
2015-02-01,818110.0
2015-02-02,856521.0
2015-02-03,917121.0
2015-02-04,856350.0
2015-02-05,868700.0
2015-02-06,935343.0
2015-02-07,805764.0
2015-02-08,727522.0
2015-02-09,838702.0
2015-02-10,860160.0
2015-02-11,842518.0
2015-02-12,853062.0
2015-02-13,959096.0
2015-02-14,883215.0
2015-02-15,979101.0
2015-02-16,1054788.0
2015-02-17,965385.0
2015-02-18,944749.0
2015-02-19,1014691.0
2015-02-20,1072657.0
2015-02-21,982048.0
2015-02-22,795680.0
2015-02-23,897001.0
2015-02-24,984052.0
2015-02-25,907121.0
2015-02-26,884986.0
2015-02-27,882838.0
2015-02-28,869730.0
2015-03-01,874668.0
2015-03-02,843973.0
2015-03-03,895607.0
2015-03-04,820948.0
2015-03-05,867386.0
2015-03-06,926615.0
2015-03-07,845908.0
2015-03-08,690503.0
2015-03-09,748518.0
2015-03-10,758499.0
2015-03-11,714414.0
2015-03-12,722345.0
2015-03-13,750059.0
2015-03-14,694122.0
2015-03-15,682187.0
2015-03-16,739334.0
2015-03-17,706443.0
2015-03-18,770933.0
2015-03-19,770924.0
2015-03-20,808163.0
2015-03-21,711341.0
2015-03-22,665566.0
2015-03-23,767488.0
2015-03-24,782976.0
2015-03-25,794620.0
2015-03-26,725877.0
2015-03-27,717137.0
2015-03-28,725619.0
2015-03-29,720491.0
2015-03-30,736985.0
2015-03-31,724373.0
2015-04-01,718098.0
2015-04-02,691847.0
2015-04-03,630156.0
2015-04-04,586693.0
2015-04-05,589860.0
2015-04-06,647920.0
2015-04-07,652268.0
2015-04-08,699265.0
2015-04-09,732847.0
2015-04-10,700564.0
2015-04-11,594583.0
2015-04-12,585783.0
2015-04-13,643808.0
2015-04-14,646851.0
2015-04-15,642824.0
2015-04-16,641634.0
2015-04-17,640789.0
2015-04-18,583910.0
2015-04-19,554006.0
2015-04-20,656856.0
2015-04-21,632657.0
2015-04-22,643647.0
2015-04-23,672867.0
2015-04-24,674068.0
2015-04-25,615396.0
2015-04-26,578558.0
2015-04-27,649211.0
2015-04-28,643652.0
2015-04-29,640486.0
2015-04-30,631473.0
2015-05-01,621804.0
2015-05-02,571169.0
2015-05-03,564272.0
2015-05-04,668396.0
2015-05-05,707314.0
2015-05-06,694768.0
2015-05-07,687336.0
2015-05-08,711707.0
2015-05-09,638218.0
2015-05-10,667172.0
2015-05-11,795910.0
2015-05-12,807483.0
2015-05-13,668849.0
2015-05-14,643250.0
2015-05-15,646154.0
2015-05-16,650213.0
2015-05-17,701342.0
2015-05-18,790029.0
2015-05-19,772058.0
2015-05-20,679291.0
2015-05-21,645281.0
2015-05-22,635470.0
2015-05-23,563918.0
2015-05-24,577282.0
2015-05-25,672310.0
2015-05-26,820989.0
2015-05-27,858640.0
2015-05-28,866524.0
2015-05-29,825061.0
2015-05-30,795603.0
2015-05-31,795513.0
2015-06-01,779675.0
2015-06-02,672542.0
2015-06-03,653496.0
2015-06-04,654368.0
2015-06-05,663415.0
2015-06-06,645440.0
2015-06-07,620174.0
2015-06-08,759709.0
2015-06-09,813770.0
2015-06-10,810967.0
2015-06-11,919302.0
2015-06-12,985511.0
2015-06-13,878194.0
2015-06-14,848944.0
2015-06-15,927790.0
2015-06-16,938285.0
2015-06-17,851486.0
2015-06-18,791340.0
2015-06-19,855154.0
2015-06-20,777743.0
2015-06-21,834700.0
2015-06-22,947966.0
2015-06-23,977057.0
2015-06-24,846625.0
2015-06-25,809944.0
2015-06-26,792238.0
2015-06-27,669690.0
2015-06-28,645438.0
2015-06-29,738117.0
2015-06-30,809757.0
2015-07-01,846131.0
2015-07-02,764128.0
2015-07-03,720597.0
2015-07-04,674883.0
2015-07-05,721128.0
2015-07-06,875557.0
2015-07-07,960439.0
2015-07-08,953587.0
2015-07-09,916756.0
2015-07-10,878164.0
2015-07-11,807173.0
2015-07-12,799567.0
2015-07-13,892899.0
2015-07-14,910382.0
2015-07-15,866331.0
2015-07-16,786201.0
2015-07-17,799334.0
2015-07-18,847173.0
2015-07-19,962842.0
2015-07-20,1090739.0
2015-07-21,1003916.0
2015-07-22,865750.0
2015-07-23,827321.0
2015-07-24,822164.0
2015-07-25,800209.0
2015-07-26,847785.0
2015-07-27,930620.0
2015-07-28,992581.0
2015-07-29,1018804.0
2015-07-30,999107.0
2015-07-31,927436.0
2015-08-01,851430.0
2015-08-02,817835.0
2015-08-03,938259.0
2015-08-04,967199.0
2015-08-05,900669.0
2015-08-06,833560.0
2015-08-07,817756.0
2015-08-08,753000.0
2015-08-09,755464.0
2015-08-10,805170.0
2015-08-11,849278.0
2015-08-12,840471.0
2015-08-13,809747.0
2015-08-14,824421.0
2015-08-15,837515.0
2015-08-16,868223.0
2015-08-17,993620.0
2015-08-18,987208.0
2015-08-19,980921.0
2015-08-20,962288.0
2015-08-21,897511.0
2015-08-22,752983.0
2015-08-23,731608.0
2015-08-24,878713.0
2015-08-25,894864.0
2015-08-26,795138.0
2015-08-27,762361.0
2015-08-28,758006.0
2015-08-29,746257.0
2015-08-30,801731.0
2015-08-31,945678.0
2015-09-01,965121.0
2015-09-02,956446.0
2015-09-03,976008.0
2015-09-04,945272.0
2015-09-05,797228.0
2015-09-06,730930.0
2015-09-07,813768.0
2015-09-08,977134.0
2015-09-09,1014405.0
2015-09-10,878077.0
2015-09-11,797996.0
2015-09-12,695485.0
2015-09-13,639363.0
2015-09-14,670105.0
2015-09-15,714581.0
2015-09-16,760809.0
2015-09-17,785586.0
2015-09-18,783047.0
2015-09-19,735587.0
2015-09-20,678091.0
2015-09-21,671713.0
2015-09-22,676461.0
2015-09-23,687233.0
2015-09-24,692467.0
2015-09-25,678357.0
2015-09-26,600053.0
2015-09-27,588315.0
2015-09-28,723823.0
2015-09-29,792633.0
2015-09-30,786410.0
2015-10-01,660180.0
2015-10-02,644516.0
2015-10-03,612837.0
2015-10-04,584170.0
2015-10-05,640596.0
2015-10-06,650965.0
2015-10-07,657001.0
2015-10-08,657949.0
2015-10-09,672752.0
2015-10-10,573794.0
2015-10-11,564287.0
2015-10-12,639246.0
2015-10-13,661108.0
2015-10-14,646608.0
2015-10-15,640397.0
2015-10-16,633475.0
2015-10-17,593399.0
2015-10-18,613919.0
2015-10-19,694588.0
2015-10-20,670979.0
2015-10-21,654218.0
2015-10-22,651766.0
2015-10-23,628629.0
2015-10-24,594706.0
2015-10-25,579406.0
2015-10-26,652993.0
2015-10-27,683566.0
2015-10-28,684023.0
2015-10-29,657865.0
2015-10-30,642769.0
2015-10-31,610743.0
2015-11-01,612119.0
2015-11-02,654128.0
2015-11-03,663914.0
2015-11-04,660060.0
2015-11-05,666109.0
2015-11-06,672582.0
2015-11-07,596348.0
2015-11-08,584622.0
2015-11-09,684301.0
2015-11-10,676162.0
2015-11-11,663360.0
2015-11-12,676195.0
2015-11-13,660152.0
2015-11-14,636367.0
2015-11-15,625301.0
2015-11-16,665192.0
2015-11-17,676530.0
2015-11-18,687905.0
2015-11-19,675680.0
2015-11-20,657099.0
2015-11-21,645532.0
2015-11-22,639778.0
2015-11-23,751824.0
2015-11-24,754572.0
2015-11-25,731676.0
2015-11-26,624044.0
2015-11-27,612234.0
2015-11-28,601699.0
2015-11-29,626242.0
2015-11-30,732307.0
2015-12-01,722483.0
2015-12-02,704253.0
2015-12-03,714896.0
2015-12-04,720136.0
2015-12-05,686191.0
2015-12-06,686207.0
2015-12-07,738900.0
2015-12-08,743773.0
2015-12-09,753180.0
2015-12-10,702418.0
2015-12-11,695345.0
2015-12-12,628202.0
2015-12-13,603207.0
2015-12-14,674939.0
2015-12-15,672171.0
2015-12-16,699599.0
2015-12-17,712040.0
2015-12-18,720492.0
2015-12-19,731996.0
2015-12-20,721146.0
2015-12-21,754383.0
2015-12-22,705806.0
2015-12-23,686594.0
2015-12-24,636075.0
2015-12-25,587186.0
2015-12-26,595349.0
2015-12-27,602383.0
2015-12-28,702011.0
2015-12-29,716158.0
2015-12-30,696312.0
2015-12-31,667293.0
2016-01-01,670751.0
2016-01-02,696432.0
2016-01-03,698803.0
2016-01-04,821012.0
2016-01-05,918751.0
2016-01-06,879283.0
2016-01-07,817474.0
2016-01-08,771602.0
2016-01-09,686671.0
2016-01-10,643391.0
2016-01-11,804098.0
2016-01-12,848017.0
2016-01-13,890412.0
2016-01-14,833752.0
2016-01-15,764267.0
2016-01-16,681176.0
2016-01-17,728423.0
2016-01-18,887930.0
2016-01-19,961848.0
2016-01-20,902689.0
2016-01-21,867547.0
2016-01-22,906943.0
2016-01-23,861253.0
2016-01-24,802438.0
2016-01-25,845192.0
2016-01-26,804811.0
2016-01-27,776594.0
2016-01-28,820444.0
2016-01-29,810789.0
2016-01-30,757484.0
2016-01-31,688021.0
2016-02-01,719299.0
2016-02-02,738100.0
2016-02-03,742908.0
2016-02-04,714204.0
2016-02-05,769354.0
2016-02-06,742932.0
2016-02-07,726912.0
2016-02-08,772506.0
2016-02-09,814467.0
2016-02-10,831269.0
2016-02-11,908135.0
2016-02-12,917719.0
2016-02-13,906396.0
2016-02-14,931316.0
2016-02-15,946546.0
2016-02-16,812227.0
2016-02-17,799483.0
2016-02-18,821931.0
2016-02-19,849097.0
2016-02-20,681334.0
2016-02-21,644951.0
2016-02-22,709260.0
2016-02-23,776357.0
2016-02-24,751690.0
2016-02-25,727207.0
2016-02-26,782073.0
2016-02-27,730750.0
2016-02-28,656460.0
2016-02-29,689238.0
2016-03-01,693572.0
2016-03-02,721251.0
2016-03-03,793479.0
2016-03-04,797524.0
2016-03-05,723245.0
2016-03-06,691481.0
2016-03-07,716835.0
2016-03-08,661863.0
2016-03-09,650325.0
2016-03-10,652018.0
2016-03-11,631880.0
2016-03-12,591081.0
2016-03-13,566679.0
2016-03-14,686396.0
2016-03-15,686172.0
2016-03-16,660719.0
2016-03-17,649153.0
2016-03-18,649210.0
2016-03-19,648406.0
2016-03-20,671746.0
2016-03-21,720450.0
2016-03-22,704828.0
2016-03-23,656620.0
2016-03-24,633360.0
2016-03-25,604186.0
2016-03-26,574827.0
2016-03-27,570281.0
2016-03-28,645312.0
2016-03-29,653718.0
2016-03-30,669377.0
2016-03-31,647183.0
2016-04-01,643887.0
2016-04-02,575730.0
2016-04-03,613591.0
2016-04-04,694659.0
2016-04-05,732212.0
2016-04-06,726961.0
2016-04-07,677642.0
2016-04-08,677349.0
2016-04-09,684426.0
2016-04-10,657693.0
2016-04-11,678108.0
2016-04-12,652221.0
2016-04-13,659281.0
2016-04-14,655453.0
2016-04-15,635371.0
2016-04-16,574169.0
2016-04-17,560705.0
2016-04-18,637487.0
2016-04-19,638661.0
2016-04-20,628597.0
2016-04-21,632803.0
2016-04-22,646901.0
2016-04-23,577214.0
2016-04-24,545696.0
2016-04-25,627345.0
2016-04-26,656500.0
2016-04-27,632867.0
2016-04-28,642851.0
2016-04-29,648343.0
2016-04-30,580397.0
2016-05-01,588087.0
2016-05-02,646923.0
2016-05-03,647569.0
2016-05-04,650115.0
2016-05-05,653757.0
2016-05-06,653084.0
2016-05-07,584392.0
2016-05-08,548973.0
2016-05-09,629041.0
2016-05-10,634626.0
2016-05-11,642149.0
2016-05-12,646940.0
2016-05-13,646184.0
2016-05-14,574985.0
2016-05-15,555659.0
2016-05-16,632943.0
2016-05-17,642224.0
2016-05-18,637887.0
2016-05-19,634505.0
2016-05-20,628495.0
2016-05-21,574294.0
2016-05-22,566290.0
2016-05-23,642257.0
2016-05-24,665121.0
2016-05-25,717707.0
2016-05-26,790769.0
2016-05-27,860417.0
2016-05-28,822840.0
2016-05-29,767435.0
2016-05-30,748161.0
2016-05-31,848139.0
2016-06-01,851402.0
2016-06-02,794912.0
2016-06-03,756063.0
2016-06-04,745250.0
2016-06-05,720945.0
2016-06-06,814326.0
2016-06-07,821844.0
2016-06-08,671844.0
2016-06-09,655634.0
2016-06-10,670598.0
2016-06-11,734733.0
2016-06-12,802522.0
2016-06-13,718715.0
2016-06-14,734382.0
2016-06-15,756717.0
2016-06-16,759086.0
2016-06-17,750346.0
2016-06-18,706170.0
2016-06-19,750766.0
2016-06-20,881579.0
2016-06-21,899487.0
2016-06-22,846956.0
2016-06-23,823715.0
2016-06-24,823397.0
2016-06-25,764772.0
2016-06-26,756078.0
2016-06-27,838316.0
2016-06-28,855871.0
2016-06-29,836903.0
2016-06-30,823599.0
2016-07-01,843213.0
2016-07-02,702937.0
2016-07-03,646227.0
2016-07-04,681599.0
2016-07-05,883208.0
2016-07-06,994141.0
2016-07-07,1024175.0
2016-07-08,985244.0
2016-07-09,821754.0
2016-07-10,773201.0
2016-07-11,837321.0
2016-07-12,894121.0
2016-07-13,910964.0
2016-07-14,1012587.0
2016-07-15,1024756.0
2016-07-16,914291.0
2016-07-17,883329.0
2016-07-18,989740.0
2016-07-19,929473.0
2016-07-20,885311.0
2016-07-21,925088.0
2016-07-22,1006072.0
2016-07-23,1010123.0
2016-07-24,952568.0
2016-07-25,1066578.0
2016-07-26,1028059.0
2016-07-27,1028985.0
2016-07-28,998398.0
2016-07-29,948161.0
2016-07-30,870043.0
2016-07-31,866262.0
2016-08-01,906687.0
2016-08-02,882795.0
2016-08-03,844169.0
2016-08-04,850357.0
2016-08-05,851820.0
2016-08-06,894816.0
2016-08-07,832704.0
2016-08-08,870145.0
2016-08-09,883552.0
2016-08-10,1009398.0
2016-08-11,1085411.0
2016-08-12,1097393.0
2016-08-13,1084460.0
2016-08-14,1066256.0
2016-08-15,1054533.0
2016-08-16,1054043.0
2016-08-17,1035239.0
2016-08-18,971900.0
2016-08-19,963179.0
2016-08-20,897827.0
2016-08-21,863792.0
2016-08-22,827768.0
2016-08-23,784632.0
2016-08-24,845136.0
2016-08-25,905141.0
2016-08-26,1010066.0
2016-08-27,896038.0
2016-08-28,866232.0
2016-08-29,968380.0
2016-08-30,923203.0
2016-08-31,943423.0
2016-09-01,870745.0
2016-09-02,771497.0
2016-09-03,675121.0
2016-09-04,651256.0
2016-09-05,692502.0
2016-09-06,839436.0
2016-09-07,905479.0
2016-09-08,998042.0
2016-09-09,1052087.0
2016-09-10,983908.0
2016-09-11,853980.0
2016-09-12,763947.0
2016-09-13,803773.0
2016-09-14,873545.0
2016-09-15,759038.0
2016-09-16,702204.0
2016-09-17,669866.0
2016-09-18,761806.0
2016-09-19,811642.0
2016-09-20,802975.0
2016-09-21,798642.0
2016-09-22,784996.0
2016-09-23,791422.0
2016-09-24,659208.0
2016-09-25,580014.0
2016-09-26,650281.0
2016-09-27,687198.0
2016-09-28,669860.0
2016-09-29,668193.0
2016-09-30,647561.0
2016-10-01,596362.0
2016-10-02,591818.0
2016-10-03,664934.0
2016-10-04,657605.0
2016-10-05,646537.0
2016-10-06,652865.0
2016-10-07,649583.0
2016-10-08,604400.0
2016-10-09,574056.0
2016-10-10,620295.0
2016-10-11,640796.0
2016-10-12,643097.0
2016-10-13,647403.0
2016-10-14,631480.0
2016-10-15,581458.0
2016-10-16,573038.0
2016-10-17,669713.0
2016-10-18,706561.0
2016-10-19,743591.0
2016-10-20,709676.0
2016-10-21,695302.0
2016-10-22,583379.0
2016-10-23,572451.0
2016-10-24,630120.0
2016-10-25,649950.0
2016-10-26,674151.0
2016-10-27,686668.0
2016-10-28,651955.0
2016-10-29,608213.0
2016-10-30,580163.0
2016-10-31,628011.0
2016-11-01,668962.0
2016-11-02,652626.0
2016-11-03,652717.0
2016-11-04,628409.0
2016-11-05,598388.0
2016-11-06,603187.0
2016-11-07,666597.0
2016-11-08,674534.0
2016-11-09,669040.0
2016-11-10,666285.0
2016-11-11,651929.0
2016-11-12,635347.0
2016-11-13,629670.0
2016-11-14,694392.0
2016-11-15,676457.0
2016-11-16,684220.0
2016-11-17,670300.0
2016-11-18,666752.0
2016-11-19,611526.0
2016-11-20,675712.0
2016-11-21,767818.0
2016-11-22,758510.0
2016-11-23,741405.0
2016-11-24,638377.0
2016-11-25,635035.0
2016-11-26,635694.0
2016-11-27,653373.0
2016-11-28,724594.0
2016-11-29,702224.0
2016-11-30,683299.0
2016-12-01,681252.0
2016-12-02,711895.0
2016-12-03,673229.0
2016-12-04,666708.0
2016-12-05,730739.0
2016-12-06,768825.0
2016-12-07,747120.0
2016-12-08,784912.0
2016-12-09,820408.0
2016-12-10,783970.0
2016-12-11,788732.0
2016-12-12,786173.0
2016-12-13,789434.0
2016-12-14,790609.0
2016-12-15,910254.0
2016-12-16,954666.0
2016-12-17,833678.0
2016-12-18,720907.0
2016-12-19,846218.0
2016-12-20,878612.0
2016-12-21,850325.0
2016-12-22,789038.0
2016-12-23,759178.0
2016-12-24,707141.0
2016-12-25,652902.0
2016-12-26,723037.0
2016-12-27,687291.0
2016-12-28,738347.0
2016-12-29,780164.0
2016-12-30,773123.0
2016-12-31,741369.0
2017-01-01,655029.0
2017-01-02,726240.0
2017-01-03,757321.0
2017-01-04,741344.0
2017-01-05,839247.0
2017-01-06,844751.0
2017-01-07,878715.0
2017-01-08,908878.0
2017-01-09,972624.0
2017-01-10,928956.0
2017-01-11,776877.0
2017-01-12,707614.0
2017-01-13,696030.0
2017-01-14,755114.0
2017-01-15,724047.0
2017-01-16,791119.0
2017-01-17,773215.0
2017-01-18,742800.0
2017-01-19,734691.0
2017-01-20,765329.0
2017-01-21,675243.0
2017-01-22,654606.0
2017-01-23,766481.0
2017-01-24,782241.0
2017-01-25,730784.0
2017-01-26,725182.0
2017-01-27,760917.0
2017-01-28,737350.0
2017-01-29,714307.0
2017-01-30,802897.0
2017-01-31,826710.0
2017-02-01,781295.0
2017-02-02,772832.0
2017-02-03,826185.0
2017-02-04,789249.0
2017-02-05,743295.0
2017-02-06,739904.0
2017-02-07,733238.0
2017-02-08,684572.0
2017-02-09,794610.0
2017-02-10,854923.0
2017-02-11,720512.0
2017-02-12,702559.0
2017-02-13,790989.0
2017-02-14,796073.0
2017-02-15,778580.0
2017-02-16,812519.0
2017-02-17,789711.0
2017-02-18,671275.0
2017-02-19,589332.0
2017-02-20,649694.0
2017-02-21,710979.0
2017-02-22,690510.0
2017-02-23,663922.0
2017-02-24,634682.0
2017-02-25,584267.0
2017-02-26,641256.0
2017-02-27,732053.0
2017-02-28,679149.0
2017-03-01,661779.0
2017-03-02,679418.0
2017-03-03,759184.0
2017-03-04,764208.0
2017-03-05,766049.0
2017-03-06,764444.0
2017-03-07,704149.0
2017-03-08,661876.0
2017-03-09,659923.0
2017-03-10,734890.0
2017-03-11,782474.0
2017-03-12,739003.0
2017-03-13,816240.0
2017-03-14,803552.0
2017-03-15,887990.0
2017-03-16,840040.0
2017-03-17,777649.0
2017-03-18,712250.0
2017-03-19,675334.0
2017-03-20,722905.0
2017-03-21,691343.0
2017-03-22,719945.0
2017-03-23,773957.0
2017-03-24,733361.0
2017-03-25,615357.0
2017-03-26,636016.0
2017-03-27,687212.0
2017-03-28,674848.0
2017-03-29,653532.0
2017-03-30,690657.0
2017-03-31,724345.0
2017-04-01,649129.0
2017-04-02,600743.0
2017-04-03,651068.0
2017-04-04,653354.0
2017-04-05,633170.0
2017-04-06,669993.0
2017-04-07,692166.0
2017-04-08,624183.0
2017-04-09,583517.0
2017-04-10,633382.0
2017-04-11,653754.0
2017-04-12,653390.0
2017-04-13,618507.0
2017-04-14,592320.0
2017-04-15,563489.0
2017-04-16,577256.0
2017-04-17,638600.0
2017-04-18,618275.0
2017-04-19,628603.0
2017-04-20,644146.0
2017-04-21,638361.0
2017-04-22,581258.0
2017-04-23,557005.0
2017-04-24,633961.0
2017-04-25,653896.0
2017-04-26,645817.0
2017-04-27,660953.0
2017-04-28,691512.0
2017-04-29,682443.0
2017-04-30,622159.0
2017-05-01,682133.0
2017-05-02,685126.0
2017-05-03,629328.0
2017-05-04,623841.0
2017-05-05,648939.0
2017-05-06,577394.0
2017-05-07,563833.0
2017-05-08,630501.0
2017-05-09,632528.0
2017-05-10,631419.0
2017-05-11,636040.0
2017-05-12,626291.0
2017-05-13,594056.0
2017-05-14,558838.0
2017-05-15,619820.0
2017-05-16,650886.0
2017-05-17,763689.0
2017-05-18,894299.0
2017-05-19,912782.0
2017-05-20,629486.0
2017-05-21,556543.0
2017-05-22,645339.0
2017-05-23,645724.0
2017-05-24,644889.0
2017-05-25,650011.0
2017-05-26,646107.0
2017-05-27,590294.0
2017-05-28,578585.0
2017-05-29,588682.0
2017-05-30,647165.0
2017-05-31,691175.0
2017-06-01,708891.0
2017-06-02,679839.0
2017-06-03,602872.0
2017-06-04,613159.0
2017-06-05,700930.0
2017-06-06,680731.0
2017-06-07,644411.0
2017-06-08,646651.0
2017-06-09,678311.0
2017-06-10,707560.0
2017-06-11,811490.0
2017-06-12,961193.0
2017-06-13,1017706.0
2017-06-14,943076.0
2017-06-15,813320.0
2017-06-16,771610.0
2017-06-17,754378.0
2017-06-18,848274.0
2017-06-19,942843.0
2017-06-20,857127.0
2017-06-21,853829.0
2017-06-22,883714.0
2017-06-23,917543.0
2017-06-24,849350.0
2017-06-25,763641.0
2017-06-26,771140.0
2017-06-27,748533.0
2017-06-28,732749.0
2017-06-29,823597.0
2017-06-30,929759.0
2017-07-01,865641.0
2017-07-02,847757.0
2017-07-03,906698.0
2017-07-04,831931.0
2017-07-05,858120.0
2017-07-06,810383.0
2017-07-07,851597.0
2017-07-08,813811.0
2017-07-09,747731.0
2017-07-10,859568.0
2017-07-11,951265.0
2017-07-12,1001029.0
2017-07-13,1028857.0
2017-07-14,897772.0
2017-07-15,834213.0
2017-07-16,808581.0
2017-07-17,927269.0
2017-07-18,966110.0
2017-07-19,1030320.0
2017-07-20,1074492.0
2017-07-21,1050767.0
2017-07-22,959332.0
2017-07-23,854960.0
2017-07-24,892866.0
2017-07-25,797439.0
2017-07-26,793471.0
2017-07-27,826380.0
2017-07-28,859660.0
2017-07-29,700426.0
2017-07-30,672616.0
2017-07-31,830714.0
2017-08-01,914385.0
2017-08-02,895428.0
2017-08-03,884735.0
2017-08-04,915858.0
2017-08-05,759583.0
2017-08-06,665037.0
2017-08-07,732508.0
2017-08-08,757494.0
2017-08-09,788342.0
2017-08-10,809256.0
2017-08-11,808210.0
2017-08-12,763744.0
2017-08-13,762661.0
2017-08-14,793828.0
2017-08-15,810140.0
2017-08-16,883675.0
2017-08-17,899419.0
2017-08-18,934362.0
2017-08-19,868087.0
2017-08-20,777473.0
2017-08-21,887520.0
2017-08-22,990684.0
2017-08-23,898130.0
2017-08-24,781382.0
2017-08-25,746918.0
2017-08-26,676071.0
2017-08-27,638696.0
2017-08-28,698833.0
2017-08-29,689178.0
2017-08-30,701908.0
2017-08-31,761001.0
2017-09-01,654732.0
2017-09-02,580835.0
2017-09-03,585255.0
2017-09-04,637258.0
2017-09-05,798613.0
2017-09-06,717672.0
2017-09-07,669325.0
2017-09-08,649277.0
2017-09-09,581957.0
2017-09-10,570622.0
2017-09-11,647523.0
2017-09-12,677362.0
2017-09-13,715177.0
2017-09-14,768813.0
2017-09-15,779937.0
2017-09-16,745017.0
2017-09-17,723814.0
2017-09-18,764759.0
2017-09-19,779387.0
2017-09-20,810958.0
2017-09-21,817943.0
2017-09-22,777092.0
2017-09-23,734416.0
2017-09-24,773921.0
2017-09-25,882232.0
2017-09-26,848902.0
2017-09-27,887486.0
2017-09-28,780437.0
2017-09-29,648185.0
2017-09-30,572467.0
2017-10-01,555323.0
2017-10-02,631963.0
2017-10-03,643375.0
2017-10-04,657889.0
2017-10-05,700839.0
2017-10-06,733589.0
2017-10-07,699725.0
2017-10-08,736572.0
2017-10-09,820213.0
2017-10-10,812786.0
2017-10-11,732108.0
2017-10-12,664774.0
2017-10-13,635171.0
2017-10-14,598790.0
2017-10-15,608718.0
2017-10-16,638455.0
2017-10-17,632265.0
2017-10-18,642685.0
2017-10-19,637452.0
2017-10-20,628807.0
2017-10-21,576906.0
2017-10-22,565703.0
2017-10-23,658958.0
2017-10-24,687778.0
2017-10-25,637014.0
2017-10-26,641123.0
2017-10-27,641838.0
2017-10-28,581391.0
2017-10-29,590536.0
2017-10-30,642871.0
2017-10-31,651901.0
2017-11-01,684275.0
2017-11-02,661887.0
2017-11-03,646344.0
2017-11-04,584693.0
2017-11-05,611970.0
2017-11-06,650146.0
2017-11-07,691232.0
2017-11-08,706366.0
2017-11-09,699302.0
2017-11-10,716078.0
2017-11-11,739699.0
2017-11-12,703843.0
2017-11-13,739940.0
2017-11-14,739586.0
2017-11-15,724552.0
2017-11-16,693742.0
2017-11-17,708032.0
2017-11-18,690069.0
2017-11-19,630150.0
2017-11-20,728922.0
2017-11-21,718075.0
2017-11-22,701217.0
2017-11-23,675958.0
2017-11-24,682668.0
2017-11-25,646490.0
2017-11-26,634254.0
2017-11-27,707368.0
2017-11-28,715976.0
2017-11-29,692487.0
2017-11-30,716289.0
2017-12-01,694345.0
2017-12-02,690541.0
2017-12-03,675359.0
2017-12-04,748724.0
2017-12-05,714016.0
2017-12-06,728404.0
2017-12-07,759487.0
2017-12-08,786703.0
2017-12-09,781503.0
2017-12-10,764310.0
2017-12-11,791017.0
2017-12-12,797995.0
2017-12-13,896973.0
2017-12-14,855779.0
2017-12-15,902694.0
2017-12-16,816287.0
2017-12-17,753282.0
2017-12-18,763406.0
2017-12-19,730832.0
2017-12-20,751004.0
2017-12-21,794117.0
2017-12-22,768224.0
2017-12-23,681126.0
2017-12-24,679411.0
2017-12-25,718157.0
2017-12-26,824686.0
2017-12-27,888669.0
2017-12-28,959117.0
2017-12-29,945419.0
2017-12-30,898057.0
2017-12-31,936384.0
2018-01-01,964585.0
2018-01-02,999056.0
2018-01-03,980466.0
2018-01-04,985560.0
2018-01-05,1060747.0
2018-01-06,1045578.0
2018-01-07,1011833.0
2018-01-08,967216.0
2018-01-09,848097.0
2018-01-10,845373.0
2018-01-11,761645.0
2018-01-12,701065.0
2018-01-13,732784.0
2018-01-14,880878.0
2018-01-15,942186.0
2018-01-16,868040.0
2018-01-17,898829.0
2018-01-18,921114.0
2018-01-19,850626.0
2018-01-20,734506.0
2018-01-21,698595.0
2018-01-22,716929.0
2018-01-23,714572.0
2018-01-24,769715.0
2018-01-25,823264.0
2018-01-26,824519.0
2018-01-27,716251.0
2018-01-28,656557.0
2018-01-29,754652.0
2018-01-30,837493.0
2018-01-31,892323.0
2018-02-01,806771.0
2018-02-02,847851.0
2018-02-03,852132.0
2018-02-04,787336.0
2018-02-05,820915.0
2018-02-06,858812.0
2018-02-07,859794.0
2018-02-08,843795.0
2018-02-09,851043.0
2018-02-10,731921.0
2018-02-11,670078.0
2018-02-12,723475.0
2018-02-13,792923.0
2018-02-14,754558.0
2018-02-15,699321.0
2018-02-16,681095.0
2018-02-17,725081.0
2018-02-18,693409.0
2018-02-19,754746.0
2018-02-20,683707.0
2018-02-21,661740.0
2018-02-22,692621.0
2018-02-23,741464.0
2018-02-24,660888.0
2018-02-25,653905.0
2018-02-26,705764.0
2018-02-27,712657.0
2018-02-28,693964.0
2018-03-01,689285.0
2018-03-02,740594.0
2018-03-03,682483.0
2018-03-04,670814.0
2018-03-05,754835.0
2018-03-06,758311.0
2018-03-07,774176.0
2018-03-08,766421.0
2018-03-09,782084.0
2018-03-10,720659.0
2018-03-11,651768.0
2018-03-12,779740.0
2018-03-13,787918.0
2018-03-14,801578.0
2018-03-15,776093.0
2018-03-16,766612.0
2018-03-17,723380.0
2018-03-18,672442.0
2018-03-19,720575.0
2018-03-20,800032.0
2018-03-21,809716.0
2018-03-22,766354.0
2018-03-23,738623.0
2018-03-24,677191.0
2018-03-25,687417.0
2018-03-26,736481.0
2018-03-27,755592.0
2018-03-28,720788.0
2018-03-29,670159.0
2018-03-30,628584.0
2018-03-31,605137.0
2018-04-01,582360.0
2018-04-02,696341.0
2018-04-03,733787.0
2018-04-04,693866.0
2018-04-05,724892.0
2018-04-06,699692.0
2018-04-07,644700.0
2018-04-08,658728.0
2018-04-09,735300.0
2018-04-10,710647.0
2018-04-11,705876.0
2018-04-12,667463.0
2018-04-13,635125.0
2018-04-14,599207.0
2018-04-15,603048.0
2018-04-16,687807.0
2018-04-17,718196.0
2018-04-18,693335.0
2018-04-19,694799.0
2018-04-20,684547.0
2018-04-21,611980.0
2018-04-22,573093.0
2018-04-23,626907.0
2018-04-24,636124.0
2018-04-25,647039.0
2018-04-26,620329.0
2018-04-27,628005.0
2018-04-28,570665.0
2018-04-29,565006.0
2018-04-30,645488.0
2018-05-01,639046.0
2018-05-02,680392.0
2018-05-03,773509.0
2018-05-04,791407.0
2018-05-05,627915.0
2018-05-06,571106.0
2018-05-07,639373.0
2018-05-08,648138.0
2018-05-09,658601.0
2018-05-10,664700.0
2018-05-11,668768.0
2018-05-12,615890.0
2018-05-13,576036.0
2018-05-14,655628.0
2018-05-15,755560.0
2018-05-16,697196.0
2018-05-17,672845.0
2018-05-18,653468.0
2018-05-19,593287.0
2018-05-20,651512.0
2018-05-21,710771.0
2018-05-22,682800.0
2018-05-23,718155.0
2018-05-24,731076.0
2018-05-25,766213.0
2018-05-26,799606.0
2018-05-27,695621.0
2018-05-28,610979.0
2018-05-29,787250.0
2018-05-30,786836.0
2018-05-31,754680.0
2018-06-01,834418.0
2018-06-02,799011.0
2018-06-03,625687.0
2018-06-04,651666.0
2018-06-05,678743.0
2018-06-06,668136.0
2018-06-07,686777.0
2018-06-08,742191.0
2018-06-09,731174.0
2018-06-10,648659.0
2018-06-11,654911.0
2018-06-12,669962.0
2018-06-13,752802.0
2018-06-14,793601.0
2018-06-15,734761.0
2018-06-16,704089.0
2018-06-17,783120.0
2018-06-18,972991.0
2018-06-19,971534.0
2018-06-20,857870.0
2018-06-21,849436.0
2018-06-22,752024.0
2018-06-23,664437.0
2018-06-24,763265.0
2018-06-25,804099.0
2018-06-26,762730.0
2018-06-27,751674.0
2018-06-28,885656.0
2018-06-29,933021.0
2018-06-30,921973.0
2018-07-01,974036.0
2018-07-02,1085235.0
2018-07-03,1086193.0
2018-07-04,951667.0
2018-07-05,1017657.0
2018-07-06,939486.0
2018-07-07,694236.0
2018-07-08,686803.0
2018-07-09,825844.0
2018-07-10,932787.0
2018-07-11,952790.0
2018-07-12,882491.0
2018-07-13,865132.0
2018-07-14,838624.0
2018-07-15,820898.0
2018-07-16,1005530.0
2018-07-17,985941.0
2018-07-18,873659.0
2018-07-19,830989.0
2018-07-20,837305.0
2018-07-21,703914.0
2018-07-22,745494.0
2018-07-23,901353.0
2018-07-24,921189.0
2018-07-25,889492.0
2018-07-26,917308.0
2018-07-27,916596.0
2018-07-28,827898.0
2018-07-29,771910.0
2018-07-30,790978.0
2018-07-31,828938.0
2018-08-01,941539.0
2018-08-02,950233.0
2018-08-03,35486.0
